{
  "R": 122.54462335069445,
  "G": 114.32042426757812,
  "B": 101.43319729003906
}