{"val_loss": [1.285464234161377, 0.9136914939880371, 0.8419408084869385, 0.8079290668487549, 0.9292778322219849, 0.9119038764953613, 0.6996318643569946, 0.6503650805473328, 0.638666298007965, 0.6208499716758729, 0.6679422155380249, 0.5908933752059936, 0.5840404930114746, 0.6052792259216309, 0.5910035111427308, 0.6422290395736694, 0.5902013918876649, 0.5651774888038635, 0.5770076383590699, 0.5576920154571533, 0.6043254999160766, 0.6045828350067138, 0.5891391661167145, 0.6072213971138001, 0.5734570097923278, 0.6356678004741668, 0.5987530359268188, 0.5882098036766052, 0.5595897200584412, 0.5979518564224243, 0.5947911618232727, 0.5815233307361602, 0.5939972674369812, 0.5811298771858215, 0.617058286857605, 0.5874883796691894, 0.6124293875694274, 0.6002344456672668], "val_acc": [0.5501, 0.6838, 0.7025, 0.7244, 0.6803, 0.6877, 0.7567, 0.7778, 0.7811, 0.7872, 0.7795, 0.8016, 0.8067, 0.7977, 0.8072, 0.7911, 0.8124, 0.8173, 0.8126, 0.8173, 0.8124, 0.8222, 0.8154, 0.8152, 0.824, 0.8146, 0.8268, 0.8226, 0.8316, 0.8227, 0.8302, 0.8296, 0.8279, 0.833, 0.8198, 0.8337, 0.8308, 0.8289], "loss": [1.6381861256408692, 1.1388556104278564, 0.9585768078231811, 0.856400127067566, 0.7882105074882507, 0.7290956697273254, 0.6769827597808837, 0.6314049997520447, 0.5893859033203125, 0.5596051897621155, 0.5242957089614868, 0.49776409878730776, 0.46812441070556643, 0.4407651701545715, 0.42284577697753906, 0.3984542107772827, 0.37687900168418886, 0.35788546168327334, 0.3447717284679413, 0.3331637425422668, 0.3099422172641754, 0.3226571585845947, 0.2850168957233429, 0.2900596516394615, 0.27218842003822324, 0.2574946590089798, 0.2626759107494354, 0.24384269342899323, 0.23770088824033736, 0.22375082915544509, 0.22320200516700744, 0.2146372741174698, 0.20721145356178283, 0.20236205432891846, 0.1962949651956558, 0.19564026813983917, 0.1883524963569641, 0.18174418603897094], "acc": [0.45486, 0.60958, 0.66862, 0.70372, 0.72754, 0.74728, 0.7626, 0.77752, 0.79236, 0.80468, 0.81444, 0.82414, 0.83382, 0.84268, 0.85054, 0.85878, 0.86722, 0.87182, 0.876, 0.88018, 0.88934, 0.8849, 0.89788, 0.89534, 0.90284, 0.90752, 0.9059, 0.9124, 0.91466, 0.92028, 0.91922, 0.92452, 0.92646, 0.92748, 0.93044, 0.92992, 0.93218, 0.93588]}