{"val_loss": [1.285464234161377, 0.9136914939880371, 0.8419408084869385, 0.8079290668487549, 0.9292778322219849, 0.9119038764953613, 0.6996318643569946, 0.6503650805473328, 0.638666298007965, 0.6208499716758729, 0.6679422155380249, 0.5908933752059936, 0.5840404930114746, 0.6052792259216309, 0.5910035111427308, 0.6422290395736694, 0.5902013918876649, 0.5651774888038635, 0.5770076383590699, 0.5576920154571533, 0.6043254999160766, 0.6045828350067138, 0.5891391661167145, 0.6072213971138001, 0.5734570097923278, 0.6356678004741668, 0.5987530359268188, 0.5882098036766052, 0.5595897200584412, 0.5979518564224243, 0.5947911618232727, 0.5815233307361602, 0.5939972674369812, 0.5811298771858215, 0.617058286857605, 0.5874883796691894, 0.6124293875694274, 0.6002344456672668, 0.6280989504814148, 0.607134318637848, 0.610479824256897, 0.5945477605819702, 0.610340485572815, 0.6289155151844025, 0.6556037485122681, 0.6377100420951843, 0.6200836382865905, 0.6132243141174316, 0.6197411043643951, 0.6140567409038544, 0.6696679870605469, 0.6693782821655273, 0.6620128202438355, 0.6392480094909668, 0.6328573782920838, 0.6605634793281555, 0.6637673825740814, 0.6594373532295227, 0.6711260119438172, 0.6912090620994568, 0.6392821753025055, 0.6372344734191895, 0.6919818166732788, 0.651806406211853, 0.6410951456069947, 0.7409660820007324, 0.6516290919303894, 0.6454580148696899, 0.6885321178913116, 0.6510911302566529, 0.6842027115345001, 0.6642469709396362, 0.7035965075492859, 0.6712179255485534, 0.6530948122501373, 0.6740897131919861, 0.6648399035453796, 0.6660187787055969, 0.6797148551940918, 0.6619277251243592, 0.6965537377357482, 0.7799382678985596, 0.6930287137985229, 0.6737916432380676, 0.6644167078018188, 0.6745136423110962, 0.6579737162590027, 0.710262391090393, 0.7137304631233216, 0.6804636702537536, 0.6740192971229553, 0.6849765990257263, 0.7144189642906189, 0.6898603355407715, 0.7175525805473327, 0.7040115765571594, 0.7084534851074219, 0.6808952682971955, 0.6965691670417785, 0.6737652557373047], "val_acc": [0.5501, 0.6838, 0.7025, 0.7244, 0.6803, 0.6877, 0.7567, 0.7778, 0.7811, 0.7872, 0.7795, 0.8016, 0.8067, 0.7977, 0.8072, 0.7911, 0.8124, 0.8173, 0.8126, 0.8173, 0.8124, 0.8222, 0.8154, 0.8152, 0.824, 0.8146, 0.8268, 0.8226, 0.8316, 0.8227, 0.8302, 0.8296, 0.8279, 0.833, 0.8198, 0.8337, 0.8308, 0.8289, 0.8272, 0.831, 0.832, 0.8348, 0.8314, 0.8282, 0.8252, 0.8261, 0.8296, 0.8345, 0.8342, 0.8342, 0.828, 0.8294, 0.8283, 0.8376, 0.834, 0.8303, 0.8344, 0.8332, 0.8303, 0.83, 0.8377, 0.8395, 0.8232, 0.833, 0.8376, 0.8158, 0.8334, 0.8326, 0.8307, 0.8359, 0.8321, 0.8342, 0.8319, 0.8356, 0.8365, 0.839, 0.8377, 0.8334, 0.8359, 0.8362, 0.8365, 0.8196, 0.835, 0.8382, 0.8413, 0.8395, 0.8375, 0.8336, 0.8322, 0.8345, 0.8342, 0.8328, 0.8365, 0.8308, 0.8341, 0.836, 0.8346, 0.8352, 0.8337, 0.8387], "loss": [1.6381861256408692, 1.1388556104278564, 0.9585768078231811, 0.856400127067566, 0.7882105074882507, 0.7290956697273254, 0.6769827597808837, 0.6314049997520447, 0.5893859033203125, 0.5596051897621155, 0.5242957089614868, 0.49776409878730776, 0.46812441070556643, 0.4407651701545715, 0.42284577697753906, 0.3984542107772827, 0.37687900168418886, 0.35788546168327334, 0.3447717284679413, 0.3331637425422668, 0.3099422172641754, 0.3226571585845947, 0.2850168957233429, 0.2900596516394615, 0.27218842003822324, 0.2574946590089798, 0.2626759107494354, 0.24384269342899323, 0.23770088824033736, 0.22375082915544509, 0.22320200516700744, 0.2146372741174698, 0.20721145356178283, 0.20236205432891846, 0.1962949651956558, 0.19564026813983917, 0.1883524963569641, 0.18174418603897094, 0.17523757298469544, 0.17394176873207093, 0.17235520576715468, 0.16585182769417764, 0.1611610809636116, 0.16324900730609893, 0.15502237988829612, 0.14786395728111268, 0.14957062494277953, 0.14016584531068801, 0.14413895683050157, 0.1417602876830101, 0.1386084550213814, 0.13567360956430435, 0.13168352023124694, 0.127834260532856, 0.12508897935032845, 0.1256925158214569, 0.1258412843197584, 0.12656082651853562, 0.11840882850050927, 0.1198279567283392, 0.11990760015249252, 0.11442886073946953, 0.11343882839381694, 0.12059390426039696, 0.10913994693756103, 0.10976769261479377, 0.10789173482716083, 0.10329340432584286, 0.10816041465997696, 0.10309384142041206, 0.09935921776980161, 0.09738560455977917, 0.09823204192578792, 0.09640879922628402, 0.1010284084045887, 0.10324175544381142, 0.09645019381076098, 0.095438127835989, 0.09663666740477085, 0.09261087452411651, 0.09202784163117408, 0.08993026582598686, 0.10665662832021713, 0.09053558630049229, 0.08955375513911247, 0.08765004538476467, 0.08829415233910083, 0.08508817042529583, 0.08766123641610146, 0.08238542484760285, 0.08161817172825336, 0.08476807248294353, 0.07888113054335118, 0.0816933425784111, 0.08101993096113205, 0.08139381717383862, 0.08111485647916794, 0.08007613496422768, 0.07456846880078316, 0.07526628620266915], "acc": [0.45486, 0.60958, 0.66862, 0.70372, 0.72754, 0.74728, 0.7626, 0.77752, 0.79236, 0.80468, 0.81444, 0.82414, 0.83382, 0.84268, 0.85054, 0.85878, 0.86722, 0.87182, 0.876, 0.88018, 0.88934, 0.8849, 0.89788, 0.89534, 0.90284, 0.90752, 0.9059, 0.9124, 0.91466, 0.92028, 0.91922, 0.92452, 0.92646, 0.92748, 0.93044, 0.92992, 0.93218, 0.93588, 0.9375, 0.93742, 0.93784, 0.9411, 0.94308, 0.9407, 0.94574, 0.94742, 0.9472, 0.95002, 0.94816, 0.95002, 0.9507, 0.95246, 0.95358, 0.95448, 0.9552, 0.9557, 0.9558, 0.95454, 0.9582, 0.95686, 0.95734, 0.95908, 0.95924, 0.95742, 0.96128, 0.96134, 0.96234, 0.96388, 0.96188, 0.96394, 0.96614, 0.96556, 0.96476, 0.96618, 0.96436, 0.96436, 0.9663, 0.96648, 0.9663, 0.96724, 0.96822, 0.9691, 0.96216, 0.96802, 0.96772, 0.96948, 0.96956, 0.96902, 0.96908, 0.97142, 0.9716, 0.9701, 0.9721, 0.97138, 0.97136, 0.97202, 0.971, 0.97154, 0.97538, 0.97224]}