{"val_loss": [1.6694020122528077, 1.0661112087249756, 0.9060836658477783, 0.8200759515762329, 0.7242224479675293, 0.7164879081726074, 0.6585471502304077, 0.6382145211219787, 0.6477189612388611, 0.6229306889533996, 0.6129028545379639, 0.5726925071716309, 0.5773189751625061, 0.6747816176891327, 0.5728410872936249, 0.5955972700119019, 0.5876916086196899, 0.5935729459285736, 0.5724648646354675, 0.5681322477340698, 0.6245807473659515, 0.6117975185394288, 0.6209604739665985, 0.5929593085289001, 0.5875689479351044, 0.6041716773033142, 0.6435435159206391, 0.5957687726974488, 0.6046731194496154, 0.7301977815628051, 0.6079699797868728, 0.6162772312164306, 0.6259642663478852, 0.5974875457763672, 0.6154207337379456, 0.6137435122489929, 0.6194705594539642, 0.6108568633556366, 0.6432160155296326, 0.6593417430400849, 0.6620375310897827, 0.6094517356872559, 0.6234560737133026, 0.6085675135612488, 0.6330304204940795, 0.6445479873657226, 0.6443934724330902, 0.6186339847564697, 0.6200068701267243, 0.6286805823802948, 0.625311303806305, 0.661618211555481, 0.6534422358989715, 0.6423786774635315, 0.6406648468017578, 0.6538933847427368, 0.6550405813217163, 0.6849581463813782, 0.6900129956245422, 0.642795497751236, 0.6312262345314026, 0.6779145429611206, 0.6852655606746674, 0.647014956998825, 0.6737405072212219, 0.6315167922019959, 0.6604175524711609, 0.687992617225647, 0.6740236586570739, 0.6958151505470276, 0.6931203529834747, 0.6591581338882446, 0.6724963064193725, 0.6727706284523011, 0.6913353323936462, 0.6974536935806275, 0.7107234419822693, 0.683875159072876, 0.6691071182250976, 0.6584863044738769, 0.6802226935386658, 0.678509172153473, 0.650548681640625, 0.6630740220069885, 0.6761420790672302, 0.6753455450534821, 0.7067031187057495, 0.6813548997879029, 0.6953711467266083, 0.678753289604187, 0.6885143564224243, 0.6671458967208862, 0.6904772349357605, 0.6835168635368347, 1.5968748416900636, 0.6931436169624329, 0.7255888841629028, 0.6793879278182984, 0.684641570854187, 0.669829641342163], "val_acc": [0.4408, 0.6336, 0.6863, 0.7182, 0.745, 0.7508, 0.7743, 0.7831, 0.778, 0.7885, 0.792, 0.8061, 0.8068, 0.78, 0.8092, 0.8116, 0.8119, 0.81, 0.8184, 0.8197, 0.8143, 0.8123, 0.8089, 0.8214, 0.8216, 0.8225, 0.8099, 0.8233, 0.8207, 0.7912, 0.82, 0.8209, 0.8203, 0.8302, 0.824, 0.825, 0.8258, 0.8292, 0.8265, 0.8227, 0.825, 0.8281, 0.8309, 0.8346, 0.8332, 0.8275, 0.8285, 0.8338, 0.8347, 0.8333, 0.8336, 0.8297, 0.833, 0.8345, 0.8329, 0.8287, 0.8314, 0.8369, 0.827, 0.8351, 0.8355, 0.8315, 0.8329, 0.8318, 0.8352, 0.8345, 0.8332, 0.8315, 0.8334, 0.8301, 0.8321, 0.8383, 0.8286, 0.831, 0.8302, 0.8308, 0.8306, 0.8267, 0.8349, 0.8355, 0.8337, 0.8337, 0.8339, 0.8366, 0.8377, 0.8373, 0.8345, 0.8356, 0.839, 0.8352, 0.8373, 0.8376, 0.8332, 0.8378, 0.7048, 0.8314, 0.8311, 0.8356, 0.8323, 0.8373], "loss": [1.6210343944549561, 1.1505204641723632, 0.9684182526016235, 0.8664705924606323, 0.7992443342781067, 0.7352474882125855, 0.68063862783432, 0.6368859910392761, 0.597644679107666, 0.5687779229927064, 0.5245838686561585, 0.5013530429267883, 0.4764411502456665, 0.44665324377059934, 0.4339920725440979, 0.4089488582515717, 0.3872210871887207, 0.3696881266021729, 0.34866038333892824, 0.3289613761806488, 0.3175721371459961, 0.30225974684715273, 0.2968536388587952, 0.28107810665130617, 0.2663707730770111, 0.26065231850147247, 0.24933470470428468, 0.2499856553554535, 0.23449422085762023, 0.22719132219791413, 0.2237900344800949, 0.2141350515604019, 0.22291817957401275, 0.20430444073677062, 0.19093434258460998, 0.19611890235900878, 0.18437275321483612, 0.18108353688955306, 0.1822588563120365, 0.17213608340740205, 0.16959105912208558, 0.16528393103599548, 0.16047134855031966, 0.1551089441013336, 0.15621955427646636, 0.15421953212738038, 0.14827281561851502, 0.14817487013339997, 0.14424762434482574, 0.13733353968620302, 0.13591718190431595, 0.1330408785223961, 0.13680430138111113, 0.12960453651666642, 0.12619470326185225, 0.12196513656377793, 0.12122880174398422, 0.11958200038075448, 0.1172275673174858, 0.11735592797636986, 0.1184324149787426, 0.1183442576622963, 0.11658036542415619, 0.11439734052300453, 0.11155716924220324, 0.11276186017394066, 0.1036526465755701, 0.10363148656249047, 0.10893174936771392, 0.10298402978658676, 0.10454355271220207, 0.10265929911643266, 0.09774141226410865, 0.10288126015603542, 0.09855451864480973, 0.0963175590133667, 0.09850504548430443, 0.09615492600977421, 0.09574325030386448, 0.09146737427592277, 0.09153022203981877, 0.0944367304432392, 0.08734416452169419, 0.09285947963297367, 0.08395807641863823, 0.08704637815237046, 0.08886472951054573, 0.0848517605471611, 0.08254859585016966, 0.08455582617104053, 0.0805537492698431, 0.08195104557573796, 0.08471161861360073, 0.08412346353292466, 0.0819713018000126, 0.1417592192661762, 0.09363949208244682, 0.08750885396301747, 0.08830847379505634, 0.08037054648876191], "acc": [0.46322, 0.6015, 0.66332, 0.6982, 0.7207, 0.74386, 0.761, 0.77778, 0.7891, 0.80018, 0.81498, 0.82214, 0.83212, 0.84104, 0.84612, 0.8543, 0.86202, 0.8693, 0.87546, 0.8827, 0.88576, 0.89318, 0.89494, 0.8971, 0.90492, 0.9067, 0.91168, 0.91138, 0.91596, 0.91854, 0.91954, 0.92378, 0.92024, 0.9264, 0.93142, 0.93086, 0.9338, 0.93586, 0.93498, 0.93972, 0.9401, 0.9414, 0.94246, 0.94516, 0.94398, 0.94614, 0.94836, 0.94842, 0.94894, 0.95148, 0.95166, 0.9524, 0.95096, 0.95398, 0.9557, 0.95626, 0.95706, 0.95806, 0.95808, 0.95826, 0.95926, 0.95856, 0.95892, 0.9587, 0.95994, 0.961, 0.9635, 0.96382, 0.96152, 0.96406, 0.9636, 0.96442, 0.96572, 0.96402, 0.96498, 0.9658, 0.96602, 0.96558, 0.96668, 0.96818, 0.9686, 0.96764, 0.96966, 0.96734, 0.97112, 0.96972, 0.96864, 0.97016, 0.97202, 0.97014, 0.97162, 0.9709, 0.97112, 0.97114, 0.97104, 0.95208, 0.96594, 0.96852, 0.9692, 0.9719]}