{"val_loss": [1.173364361000061, 0.960744171333313, 0.7412197381973267, 0.7598493221759797, 0.6336778242111206, 0.5643219019412994, 0.5366174520492554, 0.5075281901836395, 0.5177693002700806, 0.49033685297966, 0.5317371783733368, 0.5029364549636841, 0.4630203665971756, 0.43286380016803744, 0.5035890957832336, 0.4307761478185654, 0.4451929339885712, 0.42085412263870237, 0.3967999594211578, 0.46187202916145326, 0.38229530510902404, 0.41230326948165896, 0.41301798951625823, 0.39203870353698733, 0.39726026899814604, 0.40955982656478884, 0.37534243705272674, 0.37002534985542296, 0.3608895644187927, 0.41023368573188784, 0.3949338973522186, 0.38925128135681153, 0.3903870413780212, 0.387066536283493, 0.3538803784608841, 0.3652326574325562, 0.36720870797634125, 0.37096145601272584, 0.3745408326148987, 0.3700118962049484, 0.3733083126068115], "val_acc": [0.5928, 0.661, 0.7419, 0.7455, 0.7875, 0.8093, 0.8187, 0.831, 0.8242, 0.8319, 0.8281, 0.8325, 0.8461, 0.8537, 0.8428, 0.8604, 0.8548, 0.8561, 0.8721, 0.8511, 0.8735, 0.8638, 0.8682, 0.8751, 0.8731, 0.8718, 0.882, 0.8843, 0.8855, 0.8715, 0.8786, 0.8823, 0.8769, 0.884, 0.8913, 0.8928, 0.8897, 0.8946, 0.8899, 0.8902, 0.8911], "loss": [1.4348974965903885, 1.0123691329280753, 0.8442411256195528, 0.7321030450761031, 0.651134729633649, 0.5955124696987021, 0.5530591540442029, 0.5103352553796325, 0.479041701075894, 0.4528660962536563, 0.4276198676689738, 0.3977754648699664, 0.38377241894855824, 0.35877212710160544, 0.34116770484649156, 0.329393222846881, 0.31355506473915273, 0.2975629418276702, 0.28355344087219664, 0.27276460928093427, 0.2596870821586445, 0.24857059217576452, 0.23877693931382651, 0.22784404952206774, 0.21877961169638263, 0.21440203937629368, 0.20092031689111867, 0.19913431027595602, 0.19086040867727103, 0.17769405134774216, 0.16964673040836373, 0.16672720341146163, 0.15684091125981084, 0.14792470231733426, 0.14275988294495026, 0.14162786642029207, 0.12936235462022644, 0.1287981558928922, 0.12376798748091526, 0.12013499656479086, 0.11668646196395789], "acc": [0.48111395646606914, 0.6416212752322974, 0.7033402755527075, 0.7476770265940403, 0.7755126561999359, 0.7942966997757129, 0.8103572572893304, 0.825216276834348, 0.8349687600128164, 0.8451017302146748, 0.8529718039090035, 0.8644064402435117, 0.8683114386414611, 0.8757409484139699, 0.8820490227491189, 0.888116789490548, 0.8924823774431272, 0.8980495033643063, 0.9027355014418456, 0.905919577058635, 0.9114867029798142, 0.9137896507529638, 0.9173942646587632, 0.9212792374239026, 0.9254245434155719, 0.924763697532842, 0.9299903876962512, 0.9300104133290612, 0.9334948734380006, 0.93725969240628, 0.9408843319448894, 0.9428868952258891, 0.9452098686318487, 0.9479333546940083, 0.9506568407561679, 0.950596763857738, 0.9542214033963473, 0.9546219160525473, 0.9570450176225569, 0.9579661967318167, 0.9592077859660365], "lr": [0.004999999888241291, 0.00492857163771987, 0.004857142921537161, 0.004785714205354452, 0.004714285489171743, 0.004642857238650322, 0.004571428522467613, 0.0044999998062849045, 0.004428571555763483, 0.004357142839580774, 0.004285714123398066, 0.004214285872876644, 0.004142857156693935, 0.004071428440511227, 0.004000000189989805, 0.0039285714738070965, 0.0038571427576243877, 0.0037857142742723227, 0.0037142857909202576, 0.003642857074737549, 0.0035714285913854837, 0.0035000001080334187, 0.00342857139185071, 0.003357142908498645, 0.003285714192315936, 0.003214285708963871, 0.003142857225611806, 0.003071428509429097, 0.003000000026077032, 0.002928571542724967, 0.0028571428265422583, 0.002785714343190193, 0.0027142856270074844, 0.0026428571436554193, 0.0025714286603033543, 0.0024999999441206455, 0.0024285714607685804, 0.0023571427445858717, 0.0022857142612338066, 0.0022142857778817415]}