{"R": 125.16794399108886, "G": 116.11298977279662, "B": 106.19456610488892}