{
  "R": 124.95315160903931,
  "G": 115.96770409698486,
  "B": 106.0473569984436
}